City,State
Rancho Palos Verdes,ca
Norman,ok
Harlingen,tx
Cedar Park,tx
Conroe,tx
Moreno Valley,ca
Columbus,in
Modesto,ca
Glendora,ca
Olathe,ks
Hattiesburg,ms
Arlington,tx
Margate,fl
Roswell,nm
Raleigh,nc
Barnstable Town,ma
Normal,il
Hamilton,oh
Coral Springs,fl
Renton,wa
Minot,nd
Ceres,ca
North Las Vegas,nv
Tigard,or
Milwaukee,wi
Rogers,ar
Riverside,ca
Fullerton,ca
Rancho Palos Verdes,ca
Clifton,nj
Tulare,ca
Vancouver,wa
Lincoln,ne
Indianapolis,in
Gulfport,ms
Marana,az
Leominster,ma
Carpentersville,il
Hanford,ca
Linden,nj
Menifee,ca
El Paso,tx
Lauderhill,fl
Colorado Springs,co
Cuyahoga Falls,oh
Roseville,ca
College Station,tx
Waukegan,il
Tamarac,fl
Lacey,wa
Dothan,al
Kannapolis,nc
Bridgeport,ct
Bountiful,ut
Layton,ut
Pueblo,co
Rowlett,tx
West Haven,ct
Midland,tx
Altamonte Springs,fl
National City,ca
Yuma,az
Pasadena,ca
Everett,ma
Calumet City,il
Dearborn,mi
Davis,ca
Elyria,oh
Puyallup,wa
Glendora,ca
Elkhart,in
Friendswood,tx
Pueblo,co
Duncanville,tx
Missouri City,tx
Littleton,co
Portsmouth,va
Marlborough,ma
Cupertino,ca
Orange,ca
Renton,wa
Collierville,tn
North Las Vegas,nv
Temple,tx
Montgomery,al
Mount Vernon,ny
North Miami Beach,fl
Covina,ca
West Covina,ca
Huber Heights,oh
Coon Rapids,mn
Garland,tx
Westfield,ma
Panama City,fl
Edina,mn
Hemet,ca
Clovis,ca
Utica,ny
Bonita Springs,fl
Pacifica,ca
Charleston,wv
Champaign,il
Bellingham,wa
Modesto,ca
Yakima,wa
Elgin,il
Sterling Heights,mi
Midwest City,ok
Murray,ut
Rosemead,ca
Haltom City,tx
Gresham,or
Jackson,tn
Mount Vernon,ny
Portsmouth,va
Iowa City,ia
Nashville,tn
Cranston,ri
Coral Springs,fl
Weymouth Town,ma
Columbia,mo
DeSoto,tx
Corpus Christi,tx
Allen,tx
Lake Oswego,or
Montclair,ca
Cypress,ca
Palo Alto,ca
Palo Alto,ca
Panama City,fl
Cape Coral,fl
El Paso,tx
Freeport,ny
Idaho Falls,id
Edmond,ok
Harrisonburg,va
Waltham,ma
Newport News,va
Glendora,ca
Orange,ca
Atlanta,ga
Denton,tx
Urbandale,ia
Deerfield Beach,fl
Columbus,oh
Arcadia,ca
West Haven,ct
Springfield,oh
Cutler Bay,fl
Gardena,ca
Fayetteville,ar
Richmond,ca
Westland,mi
Dubuque,ia
Encinitas,ca
Bountiful,ut
Elkhart,in
Fort Pierce,fl
Corona,ca
Kingsport,tn
Palm Coast,fl
Independence,mo
Moore,ok
Temple,tx
San Bruno,ca
Downers Grove,il
Sioux City,ia
St. Louis,mo
Bloomington,in
Goose Creek,sc
Greeley,co
Macon,ga
Bryan,tx
Pomona,ca
Dearborn,mi
Westland,mi
Novato,ca
New Haven,ct
Grand Forks,nd
Shakopee,mn
Apex,nc
Pasadena,tx
Urbandale,ia
Pocatello,id
Bismarck,nd
Binghamton,ny
Greenfield,wi
Danbury,ct
Meridian,id
Wichita Falls,tx
Leominster,ma
Maple Grove,mn
Perth Amboy,nj
Bremerton,wa
Riverside,ca
Lake Forest,ca
Montclair,ca
Montebello,ca
Diamond Bar,ca
Jeffersonville,in
Seattle,wa
Saginaw,mi
Springfield,ma
Marlborough,ma
Shoreline,wa
Portland,me
Burleson,tx
Bartlett,il
Norwalk,ct
Smyrna,tn
Marietta,ga
Davis,ca
Beavercreek,oh
Edmonds,wa
Fontana,ca
Ocoee,fl
Santa Cruz,ca
Los Angeles,ca
Bend,or
Hickory,nc
Palm Bay,fl
Lawrence,in
Diamond Bar,ca
Peoria,az
Vacaville,ca
Flint,mi
Bolingbrook,il
Biloxi,ms
Kennewick,wa
Hawthorne,ca
New Berlin,wi
Bedford,tx
Euless,tx
McAllen,tx
Overland Park,ks
Puyallup,wa
Port Orange,fl
Burien,wa
Merced,ca
Olathe,ks
Kirkland,wa
Clifton,nj
Kenosha,wi
North Richland Hills,tx
Santa Monica,ca
College Station,tx
Wyoming,mi
Sherman,tx
Newport Beach,ca
Valley Stream,ny
Woburn,ma
Pacifica,ca
Portland,or
Fort Worth,tx
Waltham,ma
Grand Island,ne
Norwich,ct
San Bernardino,ca
Racine,wi
Costa Mesa,ca
Lowell,ma
Taylorsville,ut
Minnetonka,mn
Carson,ca
Gulfport,ms
Cedar Rapids,ia
Roswell,nm
Santa Monica,ca
Carrollton,tx
Oklahoma City,ok
Buena Park,ca
Royal Oak,mi
New York,ny
Alameda,ca
Tustin,ca
Citrus Heights,ca
Azusa,ca
Buckeye,az
Calumet City,il
Deltona,fl
Duluth,mn
Royal Oak,mi
Burnsville,mn
Laredo,tx
Lincoln,ca
Pleasanton,ca
Eugene,or
Menifee,ca
New York,ny
Keizer,or
Newton,ma
Port Orange,fl
North Lauderdale,fl
Cambridge,ma
Glendale,ca
Madera,ca
Trenton,nj
Kalamazoo,mi
Lancaster,ca
Bentonville,ar
Atlantic City,nj
Sacramento,ca
Highland,ca
Joliet,il
Romeoville,il
Peabody,ma
Ocala,fl
Green Bay,wi
Bartlett,tn
Orland Park,il
Fountain Valley,ca
Quincy,il
Gardena,ca
Springfield,mo
Atlanta,ga
Port Orange,fl
Killeen,tx
Springfield,oh
Concord,ca
Jeffersonville,in
Marietta,ga
Logan,ut
Mesquite,tx
Aurora,il
Columbus,in
Lake Forest,ca
Maplewood,mn
Carrollton,tx
Apple Valley,ca
Johns Creek,ga
Reading,pa
Palm Desert,ca
Monroe,la
Jackson,tn
Niagara Falls,ny
Reno,nv
Bullhead City,az
Morgan Hill,ca
Atlanta,ga
Aurora,il
Troy,mi
West Allis,wi
Chandler,az
Malden,ma
East Orange,nj
Westerville,oh
Baltimore,md
Florence,al
Palo Alto,ca
High Point,nc
Vista,ca
Spartanburg,sc
Honolulu,hi
Deerfield Beach,fl
Anderson,in
Altoona,pa
Euless,tx
Oceanside,ca
Jacksonville,nc
Springdale,ar
Racine,wi
Phoenix,az
Chesterfield,mo
Freeport,ny
Asheville,nc
Clovis,ca
Maricopa,az
Whittier,ca
Westminster,co
Schenectady,ny
Portland,or
Round Rock,tx
Parma,oh
Marietta,ga
Keller,tx
Elizabeth,nj
Clearwater,fl
Dover,de
Idaho Falls,id
Indio,ca
Ormond Beach,fl
Altoona,pa
Aurora,co
West Palm Beach,fl
Lakewood,oh
Rancho Cucamonga,ca
McKinney,tx
Irvine,ca
St. Peters,mo
San Bruno,ca
Laredo,tx
Pinellas Park,fl
Euclid,oh
Fall River,ma
Calexico,ca
Chandler,az
Bonita Springs,fl
Whittier,ca
Placentia,ca
Harlingen,tx
Moline,il
Kearny,nj
Euless,tx
Killeen,tx
Bountiful,ut
Linden,nj
Dallas,tx
Council Bluffs,ia
Salt Lake City,ut
Placentia,ca
Middletown,ct
Monrovia,ca
Madison,al
Quincy,ma
Broomfield,co
Anchorage,ak
Woodbury,mn
Berwyn,il
Marietta,ga
Westerville,oh
Winston-Salem,nc
Lewisville,tx
Jupiter,fl
White Plains,ny
Saginaw,mi
Westerville,oh
Racine,wi
Muskegon,mi
San Marcos,tx
Tinley Park,il
Fargo,nd
Everett,wa
Dayton,oh
San Angelo,tx
Orem,ut
Pflugerville,tx
Blue Springs,mo
Olathe,ks
Killeen,tx
Edmonds,wa
Bellingham,wa
Sugar Land,tx
Peachtree Corners,ga
Elk Grove,ca
Costa Mesa,ca
Surprise,az
Columbus,oh
Murrieta,ca
Rochester Hills,mi
Bell Gardens,ca
Youngstown,oh
Brownsville,tx
Topeka,ks
Redding,ca
Orlando,fl
Pittsburg,ca
Somerville,ma
New Brunswick,nj
Minneapolis,mn
Centennial,co
Chelsea,ma
Paterson,nj
Tustin,ca
Santa Clara,ca
Shakopee,mn
Saginaw,mi
Pompano Beach,fl
Lynn,ma
Westerville,oh
Lee's Summit,mo
West Allis,wi
El Paso,tx
Allentown,pa
Brentwood,tn
Hayward,ca
Blacksburg,va
Orem,ut
Pittsburgh,pa
Maricopa,az
Jupiter,fl
Bellevue,wa
Chandler,az
Orlando,fl
Fall River,ma
Paramount,ca
Marana,az
Fairfield,oh
Burnsville,mn
Flint,mi
Layton,ut
Huntsville,al
Springfield,il
Terre Haute,in
Monterey Park,ca
Rockwall,tx
Bedford,tx
Cambridge,ma
Lubbock,tx
Mission Viejo,ca
Tamarac,fl
Flagstaff,az
Manassas,va
Arlington,tx
Chelsea,ma
Waltham,ma
Malden,ma
Rowlett,tx
San Luis Obispo,ca
Florence,al
Portsmouth,va
Dubuque,ia
Honolulu,hi
Rock Hill,sc
Northglenn,co
Bowling Green,ky
New Haven,ct
Concord,nh
Dunwoody,ga
Roy,ut
Commerce City,co
North Las Vegas,nv
Tuscaloosa,al
Everett,wa
Lake Elsinore,ca
Woburn,ma
Minnetonka,mn
Springfield,or
Spokane Valley,wa
Miami,fl
Grand Prairie,tx
Asheville,nc
Pflugerville,tx
Laredo,tx
Terre Haute,in
Wheaton,il
Olathe,ks
Amarillo,tx
Folsom,ca
Anchorage,ak
Stockton,ca
Janesville,wi
Covina,ca
South Bend,in
Kentwood,mi
Fort Collins,co
La Mirada,ca
Alameda,ca
Smyrna,ga
Youngstown,oh
Palmdale,ca
Alexandria,la
Westfield,ma
Paramount,ca
San Marcos,ca
Clearwater,fl
Pensacola,fl
Atlantic City,nj
Pacifica,ca
San Ramon,ca
Mesquite,tx
Carson City,nv
Hamilton,oh
Somerville,ma
Montebello,ca
Haltom City,tx
Binghamton,ny
Santee,ca
Medford,or
Grand Rapids,mi
Ocala,fl
Peachtree Corners,ga
Oklahoma City,ok
Minot,nd
Rancho Santa Margarita,ca
Clearwater,fl
Battle Creek,mi
Hampton,va
Collierville,tn
Miami,fl
Pharr,tx
Titusville,fl
Keller,tx
Commerce City,co
Riverside,ca
Waukesha,wi
Port Arthur,tx
Colton,ca
Carson,ca
Saginaw,mi
Huntersville,nc
Caldwell,id
Lincoln,ca
Lafayette,la
St. George,ut
Miami,fl
Smyrna,ga
Sumter,sc
Norwich,ct
Chapel Hill,nc
Bellevue,ne
League City,tx
Madison,al
Youngstown,oh
Miramar,fl
Gilbert,az
Bellingham,wa
Lauderhill,fl
San Buenaventura (Ventura),ca
Montebello,ca
Evansville,in
Miami Gardens,fl
Hayward,ca
Union City,ca
Billings,mt
Madison,wi
Huntsville,al
Pittsfield,ma
Rancho Cordova,ca
El Monte,ca
Deerfield Beach,fl
Wilkes-Barre,pa
Plainfield,il
Harlingen,tx
Cerritos,ca
Corona,ca
Conway,ar
Brookfield,wi
Lenexa,ks
Norwich,ct
Portage,mi
Hampton,va
Lakewood,wa
Anchorage,ak
San Bruno,ca
Gresham,or
Louisville,ky
Milwaukee,wi
Moreno Valley,ca
Midland,tx
Lake Forest,ca
Grove City,oh
South Gate,ca
Kokomo,in
St. Clair Shores,mi
Beloit,wi
Auburn,wa
Miramar,fl
Flagstaff,az
New Haven,ct
Calexico,ca
Lewisville,tx
Bellevue,wa
Lakeland,fl
Long Beach,ca
Sacramento,ca
Schenectady,ny
Edina,mn
Bentonville,ar
Burlington,nc
Barnstable Town,ma
Albany,ny
Palatine,il
Richmond,ca
Manhattan,ks
West Valley City,ut
Cedar Park,tx
Biloxi,ms
Topeka,ks
Southaven,ms
Orland Park,il
Mankato,mn
Crystal Lake,il
Laguna Niguel,ca
Oak Park,il
New Rochelle,ny
Tulare,ca
Tacoma,wa
Eau Claire,wi
Gainesville,fl
Cutler Bay,fl
Milford,ct
Norfolk,va
Macon,ga
Greenville,sc
Oak Lawn,il
Menifee,ca
Decatur,al
Wylie,tx
Manchester,nh
Elk Grove,ca
Greenville,sc
Berkeley,ca
Jefferson City,mo
Edmond,ok
Jackson,tn
Downers Grove,il
Albuquerque,nm
Maricopa,az
Savannah,ga
Monroe,la
Hesperia,ca
Missoula,mt
High Point,nc
Detroit,mi
Rosemead,ca
Huntington Beach,ca
Strongsville,oh
Thousand Oaks,ca
North Miami,fl
Roswell,nm
Blacksburg,va
Broken Arrow,ok
Medford,or
Collierville,tn
Middletown,oh
Alhambra,ca
Chino,ca
Seattle,wa
Hurst,tx
Napa,ca
Brentwood,tn
Grove City,oh
Greensboro,nc
Thornton,co
Berkeley,ca
Walnut Creek,ca
Deltona,fl
Clovis,ca
Temecula,ca
Streamwood,il
Chapel Hill,nc
New Brunswick,nj
Rocklin,ca
Eden Prairie,mn
Detroit,mi
Chapel Hill,nc
Portland,me
Marietta,ga
Coconut Creek,fl
Baldwin Park,ca
Rockwall,tx
Victoria,tx
Palm Coast,fl
Layton,ut
Quincy,il
Alameda,ca
Amarillo,tx
Longmont,co
O'Fallon,mo
Peoria,il
Fremont,ca
Fontana,ca
Montgomery,al
Sugar Land,tx
Santa Ana,ca
Dubuque,ia
Napa,ca
Suffolk,va
San Luis Obispo,ca
Vallejo,ca
Syracuse,ny
Asheville,nc
Portland,or
St. Clair Shores,mi
Augusta-Richmond County,ga
Salem,or
Mesa,az
Deerfield Beach,fl
Huber Heights,oh
Columbia,mo
Summerville,sc
Richland,wa
Orland Park,il
Lancaster,oh
Euless,tx
College Station,tx
Oak Park,il
Pensacola,fl
Pharr,tx
Grand Junction,co
Revere,ma
San Angelo,tx
South Jordan,ut
Salem,or
Saginaw,mi
Lynchburg,va
Johnson City,tn
Hackensack,nj
Doral,fl
Akron,oh
Kingsport,tn
Des Plaines,il
Coon Rapids,mn
Carson City,nv
Jurupa Valley,ca
Norwalk,ca
Coachella,ca
Garland,tx
Lansing,mi
Milwaukee,wi
Chino,ca
Barnstable Town,ma
Allentown,pa
Napa,ca
Duluth,mn
Maricopa,az
Homestead,fl
Baldwin Park,ca
Santa Rosa,ca
Tallahassee,fl
Warren,mi
Quincy,ma
Lincoln Park,mi
Watsonville,ca
Scranton,pa
Delray Beach,fl
Coconut Creek,fl
Chico,ca
Santa Fe,nm
Olathe,ks
Austin,tx
Smyrna,ga
Leesburg,va
Cedar Park,tx
Arcadia,ca
Des Plaines,il
Plymouth,mn
Cleveland Heights,oh
Albany,ga
Nampa,id
Santa Ana,ca
West Covina,ca
Peabody,ma
Prescott,az
Elk Grove,ca
Mansfield,tx
Prescott,az
Council Bluffs,ia
Terre Haute,in
Brooklyn Park,mn
Lincoln,ca
Santa Maria,ca
Florence,al
Bloomington,il
Florence,al
Tustin,ca
Brentwood,tn
Westerville,oh
Paramount,ca
Duluth,mn
Orange,ca
Alhambra,ca
San Leandro,ca
Springfield,or
Rohnert Park,ca
Altamonte Springs,fl
Thornton,co
Ocala,fl
St. Charles,mo
St. George,ut
Temecula,ca
Beaumont,tx
Sacramento,ca
Burleson,tx
DeSoto,tx
Portland,or
Burlington,nc
Albany,ny
West Valley City,ut
Moreno Valley,ca
Alexandria,va
Farmington Hills,mi
North Miami,fl
Knoxville,tn
Green Bay,wi
Huntersville,nc
Placentia,ca
Gulfport,ms
Salina,ks
Bellflower,ca
Omaha,ne
Dearborn Heights,mi
Blaine,mn
Overland Park,ks
York,pa
Lynwood,ca
Fontana,ca
Greeley,co
Pittsburg,ca
La Puente,ca
Iowa City,ia
Coachella,ca
Apex,nc
Livonia,mi
Waco,tx
Freeport,ny
Pittsburgh,pa
Tinley Park,il
San Jacinto,ca
Bayonne,nj
Evansville,in
Newark,nj
Turlock,ca
Glenview,il
Cutler Bay,fl
Frederick,md
Salinas,ca
Napa,ca
Hanford,ca
Gainesville,fl
Attleboro,ma
Oak Park,il
White Plains,ny
Mesa,az
Northglenn,co
Pittsburg,ca
Santee,ca
Highland,ca
Dunwoody,ga
St. Peters,mo
Fargo,nd
Strongsville,oh
Winston-Salem,nc
Suffolk,va
Fargo,nd
Fort Worth,tx
Northglenn,co
Woburn,ma
Summerville,sc
York,pa
Daly City,ca
Orlando,fl
Pocatello,id
Chelsea,ma
Detroit,mi
Lancaster,tx
Des Plaines,il
Pharr,tx
Hampton,va
Titusville,fl
Sherman,tx
La Quinta,ca
Clovis,nm
Chula Vista,ca
Rochester,ny
Ann Arbor,mi
Merced,ca
Dearborn,mi
Greeley,co
San Clemente,ca
Attleboro,ma
Jonesboro,ar
Sayreville,nj
Deerfield Beach,fl
Bloomington,mn
Wheaton,il
Minnetonka,mn
Tulsa,ok
Chandler,az
Niagara Falls,ny
Wylie,tx
Titusville,fl
Kannapolis,nc
Plantation,fl
Bloomington,in
Findlay,oh
Waco,tx
Brentwood,tn
Texas City,tx
Little Rock,ar
San Bernardino,ca
Bellevue,ne
Worcester,ma
Huntington Park,ca
Panama City,fl
Poway,ca
Shawnee,ks
South Gate,ca
Harrisonburg,va
Westminster,co
Terre Haute,in
Cerritos,ca
Bradenton,fl
San Rafael,ca
North Charleston,sc
Bentonville,ar
Roswell,ga
Frisco,tx
Midland,tx
Albany,ga
Canton,oh
Warren,mi
Boulder,co
Santa Maria,ca
Clifton,nj
Deltona,fl
Sioux City,ia
Strongsville,oh
Mission,tx
Rancho Cordova,ca
