First Name,Last Name
Oliver,Chapman
Ted,Payne
Alford,Hall
Michelle,Douglas
Melanie,Baker
Mike,Perry
Rubie,Wells
Carina,Bennett
Anna,Rogers
Annabella,Bennett
Vanessa,Spencer
Tyler,Clark
Walter,Chapman
Deanna,Mitchell
Lana,Davis
Ryan,Allen
Nicholas,Scott
Violet,Richards
Penelope,Ross
Briony,Hill
Frederick,Scott
Nicholas,Barrett
Charlotte,Thomas
Kimberly,Roberts
Ned,Lloyd
Elian,Owens
Alfred,Robinson
Steven,Riley
Violet,Cole
Patrick,Evans
Melissa,Barrett
Maya,Cunningham
Elise,Reed
Victor,Farrell
Victoria,Rogers
Maya,Walker
Alina,Elliott
Amy,Holmes
Oscar,Murphy
Miranda,Myers
Alan,Cunningham
Briony,Cunningham
Charlotte,Kelly
Oscar,Ellis
Aston,Brown
Catherine,Allen
Paige,Walker
Aldus,Ellis
Kirsten,Walker
Garry,Cooper
Savana,Carroll
Agata,Morris
Edith,Stevens
Grace,Mitchell
Sawyer,Reed
Antony,Robinson
Freddie,Ross
Amanda,Baker
Frederick,Cunningham
Camila,Roberts
Derek,Wells
Heather,Wright
Amy,West
Dominik,Richards
Belinda,Howard
Valeria,Barnes
Spike,Miller
Savana,Walker
Amber,Mitchell
Aiden,Campbell
Jared,Grant
Maya,Ryan
Isabella,Barrett
Tess,Taylor
Amanda,Payne
Aston,Hill
Tony,Turner
Leonardo,Moore
Stella,Hamilton
Sam,Richards
Kelsey,Wells
Daryl,Harrison
Melissa,Ross
Emily,Douglas
Amanda,Ryan
Albert,Stewart
Miranda,Campbell
Kristian,Brooks
Jared,Phillips
Grace,Barrett
Adelaide,Craig
Darcy,Foster
Cherry,Ellis
Tyler,Phillips
Ned,Perkins
Oliver,Davis
Sophia,Hall
Naomi,Carter
Michelle,Kelley
Adele,Adams
Thomas,Jones
Ryan,Jones
Lucia,Clark
Edgar,Sullivan
Miley,Cunningham
Dale,Taylor
Honey,Hall
Jacob,Moore
Rebecca,Cooper
Jacob,Thompson
Kelvin,Andrews
Chester,Morris
Sabrina,Douglas
George,Riley
Eddy,Tucker
Audrey,Thompson
Albert,Harrison
Adam,Ross
Tiana,Mason
Julia,Grant
Violet,Harris
Kelvin,Farrell
Kelvin,Carter
Heather,Dixon
Bruce,Carter
Stuart,Murphy
Maria,Tucker
Alen,Ellis
Myra,Cunningham
Vivian,Turner
Alisa,Richardson
Justin,Wright
Adison,Murray
George,Foster
Agata,Scott
Valeria,Phillips
Mary,Cunningham
Eleanor,Clark
Kelvin,Higgins
Ted,Casey
Cherry,Mason
Stuart,Craig
Kate,Turner
Violet,Moore
Daryl,Payne
Ashton,Wilson
Max,Gibson
Patrick,Clark
Adison,Perry
Roman,Warren
Olivia,Bailey
Dexter,Warren
Lenny,Morgan
Fiona,Cole
Ryan,Turner
Amber,Nelson
Annabella,Jones
Carlos,Carroll
Frederick,Dixon
Reid,Warren
Haris,West
Heather,Allen
Kelvin,Stewart
April,Barrett
Jacob,Watson
Alexia,Douglas
Dexter,Harris
Antony,Walker
Gianna,Carter
Antony,Brown
Haris,Harper
Aldus,Perkins
Penelope,Rogers
Elise,Higgins
Wilson,Cooper
Andrew,Smith
Caroline,Murray
Adam,Gibson
Thomas,Taylor
Sarah,Barrett
Alexander,Edwards
Brianna,Kelly
Jack,Gray
Ashton,Phillips
Lucia,Miller
Alan,Armstrong
Melissa,Gibson
Dexter,Morris
Rafael,Murphy
Edward,Ellis
Jessica,Reed
Mike,Carroll
George,Thompson
Aston,Tucker
Bruce,Murray
Tara,West
Sawyer,Edwards
Victoria,Hunt
Lucas,Andrews
Daryl,Cole
Robert,Davis
Aiden,Murray
Ada,Hawkins
Elise,Crawford
Emily,Turner
Spike,Nelson
Lily,Carter
Joyce,Murphy
Melissa,Allen
Brad,Mason
Lucas,Perry
Caroline,Tucker
Tara,Reed
Sawyer,Wright
David,Douglas
Reid,Harrison
Violet,Richardson
Nicholas,Chapman
Daisy,Stewart
Joyce,Ferguson
Robert,Owens
Adison,Allen
Ted,Williams
Miley,Farrell
Jacob,Barrett
Dominik,Hall
Joyce,Kelly
Charlotte,Holmes
Jasmine,Murray
Owen,Gray
Maximilian,Williams
Cherry,Adams
Catherine,Thompson
Lucy,Cunningham
Lydia,Nelson
Alina,Wells
Violet,Alexander
Jordan,Douglas
Lucas,Edwards
Marcus,Owens
Garry,Warren
Arnold,Watson
Emily,Perry
Tess,Martin
Antony,Morrison
Rosie,Miller
Spike,Johnston
Annabella,Wilson
Steven,Gray
Maya,Higgins
Amy,Kelly
Alexia,Moore
Ryan,Dixon
April,Moore
Vincent,Campbell
William,Carroll
Emma,Bailey
Edwin,Lloyd
Maddie,Stewart
Isabella,Morris
Eddy,Warren
Audrey,Morgan
Steven,Carter
Lana,Campbell
Alisa,Barnes
Alan,Mason
Amy,Owens
William,Montgomery
Gianna,Bailey
Belinda,Miller
Valeria,Murray
Kimberly,Dixon
Henry,Armstrong
Fiona,Riley
Sophia,Richards
Annabella,Walker
Preston,Hill
Audrey,Stevens
Arthur,Harris
Chelsea,Bailey
Evelyn,Carter
Grace,Gray
Miranda,Walker
Reid,Reed
Brooke,Johnston
Jenna,Perry
Valeria,Allen
Samantha,Armstrong
Preston,Kelley
Alford,Ryan
Dominik,Carroll
Victor,Clark
Nicholas,Carroll
Rafael,Morrison
Melissa,Murray
Jordan,West
Kelsey,Reed
Alina,Wilson
Melanie,Foster
Melissa,Barrett
Kellan,Adams
Clark,Jones
Violet,Ellis
Kellan,Bailey
Ellia,Murphy
Edwin,Cunningham
James,Edwards
Lana,Harrison
Tyler,Foster
Chelsea,Kelley
Edwin,Holmes
Maximilian,Ryan
Julia,Barrett
Clark,Farrell
James,Wells
Elise,Murphy
Vivian,Moore
James,Gibson
Aida,Mason
Victoria,Hill
Kimberly,Williams
Victor,Douglas
Alissa,Harrison
Sawyer,Parker
Heather,Roberts
Maria,Casey
Carl,Cameron
Brianna,Reed
Lyndon,Thompson
Rubie,Carter
Nicole,Ferguson
David,Henderson
Ellia,Turner
Martin,Higgins
Tiana,Brown
Ryan,Hill
Samantha,Scott
Anna,Ellis
Rebecca,Turner
Frederick,Watson
Melissa,Wright
Eddy,West
Alan,Henderson
Jasmine,Mitchell
Alford,Davis
Tara,Murphy
Alina,Riley
Lana,Perkins
Joyce,Brooks
Ted,Craig
Anna,Wright
Eddy,Taylor
Clark,Richardson
Alexander,Adams
Carl,Andrews
Alisa,Taylor
Sydney,Casey
Maximilian,Scott
Naomi,Higgins
Grace,Andrews
Kelvin,Adams
Camila,Gray
Deanna,Alexander
John,Ryan
Kristian,Nelson
Vivian,Turner
Kelvin,Craig
Alford,Bailey
Clark,Henderson
Amber,Barnes
Vanessa,Jones
Audrey,Phillips
Alina,Kelly
Luke,Andrews
Nicholas,Turner
Edward,Morrison
Edwin,Barrett
Ryan,Campbell
Carlos,Walker
Frederick,Anderson
Sabrina,Wells
Adele,Scott
Catherine,Douglas
Vivian,Douglas
Aston,Cunningham
Albert,Chapman
Robert,Mason
Frederick,Miller
Jenna,Nelson
Honey,Mason
George,Roberts
Eric,Barnes
Alexander,Tucker
Arianna,Bailey
Tiana,Elliott
Sofia,Martin
Jack,Richards
April,Bennett
Sam,Richardson
Naomi,Stewart
James,Stevens
Penelope,Wilson
Roman,Campbell
Sarah,Kelley
Sydney,Allen
Lucy,Smith
Lily,Hamilton
David,Taylor
Myra,Clark
Mary,West
Walter,Davis
Edgar,Smith
Sienna,Warren
Roland,Andrews
Lucia,Henderson
Owen,Chapman
Aiden,Roberts
Alexia,Warren
William,Montgomery
Nicole,Hawkins
Miranda,Ellis
Maria,Wright
Natalie,Elliott
Eddy,Thomas
Tyler,Hunt
Patrick,Adams
Daisy,Bennett
Brad,Farrell
Sawyer,Kelley
Lydia,Davis
Alberta,Rogers
Marcus,Davis
Maria,Williams
Savana,Thomas
Rosie,Morgan
Emily,Scott
Rafael,Payne
Michelle,Lloyd
Mary,Perry
Sabrina,Watson
Ned,Baker
Lily,Phillips
Aida,Adams
Harold,Douglas
Dale,Mitchell
Vivian,Howard
Leonardo,Anderson
William,Myers
Penelope,Hill
Florrie,Morgan
Sienna,Rogers
Oscar,Chapman
Maximilian,Davis
Edward,Barnes
Rebecca,Taylor
James,Armstrong
Mary,Farrell
Lilianna,Russell
Lana,Evans
Marcus,Brooks
Annabella,Cooper
Clark,Jones
Clark,Fowler
Edward,Warren
Kirsten,Chapman
Ted,Foster
Rosie,Ryan
Fiona,Carroll
Amy,Barrett
Emily,Thomas
Abraham,Perry
Sarah,Grant
Carl,Craig
Valeria,Bailey
Jack,Foster
Cherry,Barrett
Aida,Thomas
Alen,Gray
Haris,Adams
Abraham,Andrews
Caroline,Sullivan
Miller,Elliott
Adam,Wright
Blake,Allen
Ryan,Armstrong
Abraham,Martin
Cherry,Campbell
Tara,Edwards
Darcy,Baker
Max,Casey
Luke,Spencer
Aldus,Stevens
Dexter,Roberts
Harold,Chapman
Walter,Foster
Kristian,Morrison
Bruce,Kelley
Hailey,Cunningham
Ada,Wright
Amelia,Mitchell
Sofia,Foster
Roland,Perry
Camila,Chapman
Heather,Tucker
Alberta,Watson
Ashton,Farrell
Jacob,Smith
Florrie,Stewart
Myra,Harris
Patrick,Baker
Haris,Cameron
Lucy,Walker
Melanie,Myers
Brianna,Johnson
Vivian,Morgan
Jessica,Wilson
Maximilian,Stewart
Lucy,Chapman
Amy,Howard
Sarah,Richardson
Amy,Brown
Rubie,Rogers
Grace,Stevens
Charlotte,Barnes
Sienna,Foster
Adison,Morrison
Sienna,Hawkins
Frederick,Evans
Fiona,Spencer
Anna,Anderson
Vincent,Hill
Heather,Carroll
Caroline,Perkins
Edgar,Montgomery
Walter,Martin
Sophia,Payne
Vincent,Johnson
Kate,Kelley
Brianna,Andrews
Rafael,Ellis
Chelsea,Casey
Lucas,Perkins
Maximilian,Holmes
Cherry,Roberts
Nicholas,Montgomery
Samantha,Martin
Maddie,Holmes
Roman,Barrett
Abigail,Parker
Emma,Baker
Amy,Spencer
Kristian,Mitchell
Jessica,Spencer
Tony,Brown
Andrew,Hunt
Aston,Kelly
Jacob,Gibson
Frederick,Mitchell
Ashton,Morris
Ryan,West
Dominik,Gibson
Alberta,Harris
James,Gray
Evelyn,Allen
Jenna,Edwards
Adelaide,Anderson
Myra,Kelley
Ned,Armstrong
Sawyer,Bailey
Lily,Cooper
Adele,Perkins
Nicole,Parker
Preston,Murphy
Valeria,Barnes
Sophia,Richardson
Daniel,Allen
Antony,Brown
Jared,Owens
Alissa,Moore
Roman,Gray
Lenny,Gibson
Stella,Brooks
Mike,Walker
Tess,Hill
William,Mitchell
Michelle,Hawkins
George,Watson
Chloe,Adams
Adam,Reed
Alexia,Thomas
Alina,Carroll
Jessica,Hill
Lily,Perry
Dexter,Grant
Adison,Stewart
Wilson,Andrews
Sofia,Allen
Garry,Lloyd
Rosie,Davis
Joyce,Morris
Arthur,Armstrong
Antony,Scott
Owen,Brooks
Reid,Martin
Daryl,Hamilton
Freddie,Ross
Olivia,Brown
Lily,Miller
Arthur,Craig
Dexter,Edwards
Ellia,Casey
Ada,Rogers
Miller,Clark
Alan,Johnston
Connie,Douglas
Stuart,Grant
Evelyn,Parker
Lydia,Chapman
Lana,Thompson
Chester,Johnson
Albert,Holmes
Jessica,Edwards
Paige,Crawford
Garry,Cameron
William,Morris
Adelaide,Davis
Luke,Reed
Marcus,Perkins
Amanda,Fowler
Aiden,Ferguson
Adele,Hawkins
Tony,Dixon
Naomi,Kelley
Vanessa,Morrison
Cherry,Anderson
Sawyer,Brown
Lucia,Carter
Kevin,Thompson
Preston,Russell
Cherry,Mitchell
Owen,Harper
Melissa,Bailey
Fenton,Harper
Miller,Murphy
Dominik,Edwards
Edith,Farrell
Lenny,Thompson
Nicholas,Ellis
Paige,Hamilton
Adam,West
Alexia,Higgins
Emily,Riley
Miranda,Myers
Penelope,Kelley
Annabella,Ross
Roman,Nelson
Agata,Anderson
Lily,Perry
Fenton,Campbell
Grace,Lloyd
Edith,Stewart
Charlie,Spencer
Chelsea,Hunt
Haris,Mitchell
Justin,Douglas
Leonardo,Perry
Derek,Russell
Ned,Morrison
Naomi,Kelly
Amelia,Phillips
Daniel,Perkins
Sawyer,Morgan
Reid,Baker
Robert,Warren
Lily,Wright
Dexter,Scott
Amber,Carter
Nicole,Harrison
Hailey,Perkins
Chelsea,Moore
Madaline,Harper
Arianna,Rogers
Wilson,Howard
Tara,Baker
Eleanor,Casey
Alexia,Richards
Jasmine,Warren
Camila,Cunningham
William,Montgomery
Natalie,Clark
Isabella,Cunningham
Penelope,Scott
David,Johnson
Fiona,Mason
Paul,Rogers
Michelle,Cole
Bruce,Hamilton
Valeria,Thompson
Roman,Walker
Edward,Douglas
Tony,Barrett
Kevin,Hall
Michelle,Anderson
Miranda,West
Michael,Brooks
Maximilian,Richardson
Patrick,Harper
Dexter,Campbell
Aston,West
Rebecca,Richardson
Alen,Warren
William,Baker
Caroline,Campbell
Jared,Elliott
Jared,Cameron
Adrianna,Richards
Michael,Douglas
Charlotte,Hunt
Marcus,Holmes
Haris,Perry
Kirsten,Henderson
Penelope,Riley
Patrick,Reed
Daniel,Holmes
Haris,Robinson
Lyndon,Bennett
Alen,Rogers
Steven,Davis
Tiana,Bailey
Adele,Elliott
Adam,Cooper
Vivian,Martin
Lucy,Murray
John,Jones
Heather,Morgan
Carlos,Martin
Alford,Murphy
Alina,Carter
Annabella,Phillips
Adrianna,Riley
Arianna,Casey
Edgar,Hall
Lenny,Hall
Abraham,Henderson
Jenna,Andrews
Vanessa,Henderson
Lucy,Stevens
Sophia,Fowler
Maya,Cameron
Leonardo,Wright
Eric,Ferguson
Annabella,Tucker
Lucy,Spencer
Tess,Miller
Honey,Perry
William,Brooks
Ada,Morrison
Roland,Ferguson
David,Watson
Aiden,Barrett
Paige,Dixon
Wilson,Hamilton
Spike,Jones
Abigail,Hall
Rubie,Jones
Lenny,Johnston
Amy,Thompson
Kristian,Cameron
Kellan,Wright
Miller,Thomas
Ellia,Bennett
Blake,Cole
Alexia,Baker
Alissa,Allen
Kevin,Dixon
Victor,Roberts
Miller,Watson
Walter,Wells
Bruce,Edwards
Alen,West
Arianna,Allen
George,Cole
Arnold,Harrison
Arthur,Elliott
Belinda,Fowler
Ned,Campbell
Oscar,Allen
Rubie,Douglas
Amy,Wilson
Jordan,Elliott
Ted,Morrison
Emily,Ferguson
James,Hawkins
Valeria,Miller
Luke,Stevens
Maya,Warren
Agata,Phillips
Tyler,Martin
Daryl,Robinson
Kristian,Reed
Sabrina,Kelly
Luke,Evans
Ashton,Brown
Alberta,Ross
Haris,West
Jasmine,Sullivan
Oliver,Kelley
Kirsten,Reed
John,Murray
Tess,Carroll
Brad,Ryan
Maximilian,Stewart
Byron,Reed
Kelsey,Ellis
Heather,Hawkins
Deanna,Hawkins
Briony,Parker
Miller,Taylor
Blake,Roberts
Tess,Allen
Honey,Stewart
Jasmine,Ryan
Maria,Hill
Abraham,Montgomery
Aida,Scott
Gianna,Harrison
Max,Morris
Daryl,Jones
Myra,Payne
Daniel,Richards
Chelsea,Morrison
Grace,Bennett
Carl,Thomas
Sofia,Gibson
Patrick,Harrison
Justin,Watson
Natalie,Andrews
Tyler,Walker
Lyndon,Phillips
Garry,Baker
Alexander,Jones
Rosie,Henderson
Ned,Harrison
Nicole,Wilson
Hailey,Hunt
Nicole,Grant
Preston,Hawkins
Chelsea,Nelson
Tiana,Higgins
Victoria,Foster
Haris,Morris
Edgar,Taylor
Abraham,Alexander
April,Campbell
Maximilian,Warren
Alen,Hawkins
Maximilian,Phillips
Oscar,Cooper
John,Ross
Maria,Ryan
Clark,Farrell
Eric,Wright
Edwin,Jones
Sydney,Smith
Hailey,Grant
Edward,Ellis
Amber,Hawkins
Nicole,Warren
Sydney,Tucker
Nicole,Jones
Aston,Morgan
Ryan,Stewart
Preston,Rogers
Deanna,Cunningham
Thomas,Stewart
Sienna,Hunt
Ryan,Smith
Sofia,Sullivan
Savana,Rogers
James,Casey
Aiden,Armstrong
Vivian,Johnston
Briony,Stewart
Edwin,Bennett
Edward,Warren
Mike,Grant
Audrey,Richards
Ada,Crawford
Naomi,Hawkins
John,Roberts
Blake,Myers
Ned,Reed
Sienna,Russell
Andrew,Cunningham
Kevin,Barrett
Daniel,Tucker
Myra,Baker
Grace,Nelson
Freddie,Roberts
Kellan,Scott
Marcus,Rogers
Camila,Riley
Jared,Richards
Ada,Cunningham
Ryan,Evans
Thomas,Harrison
Justin,Carter
Adele,Hunt
Eric,Armstrong
Jenna,Mitchell
Evelyn,Morris
Rafael,West
Amber,Nelson
Arianna,Kelley
Cherry,Gibson
Victor,Thompson
Abigail,Armstrong
Kate,Taylor
Owen,Taylor
Clark,Hawkins
Brooke,Perry
Maya,Perkins
Jasmine,Cole
Dale,Gray
Amanda,Casey
Oliver,Robinson
Sawyer,Casey
Sofia,Wells
Melissa,Hawkins
Daryl,Thompson
Clark,Davis
Alexander,Tucker
Brooke,Johnson
Carina,Grant
Victoria,Andrews
Aiden,Riley
Elian,Brooks
Maddie,Perry
Lyndon,Richards
Maya,Casey
Jenna,Moore
George,Holmes
Audrey,Payne
Ada,Craig
Wilson,Clark
Heather,Sullivan
Hailey,Williams
Alan,Cooper
Henry,Davis
Carina,Brooks
Blake,Harris
Victor,Walker
Victor,Morgan
John,Allen
Daryl,Wells
Charlotte,Edwards
Adrian,Nelson
George,Thompson
Ellia,Johnston
Tara,Ferguson
Alexander,Kelly
Haris,Robinson
Adrian,Howard
Marcus,Phillips
Sawyer,Harrison
Lilianna,Parker
Maya,Thomas
Jasmine,Johnston
Tara,Carroll
Sydney,Brown
Frederick,Barrett
Rosie,Elliott
Tess,Gray
Ryan,Richards
Nicholas,Carroll
Grace,Morgan
Hailey,Anderson
Jenna,Mason
Kelvin,Harrison
Aida,Allen
Jasmine,Fowler
Adelaide,Mason
Victoria,Morgan
Edwin,Rogers
Brooke,Kelly
Lydia,Hamilton
Penelope,Dixon
Kelsey,Miller
Chelsea,Armstrong
Ellia,Barrett
Belinda,Riley
Ada,Ellis
Martin,Perry
Lily,Mason
Aston,Craig
Adele,Gibson
Honey,Mitchell
Aida,Morris
Adrianna,Ferguson
Tony,Cameron
John,Ellis
Sofia,Spencer
Paige,Crawford
Martin,Farrell
Byron,Adams
Valeria,Reed
Chester,Spencer
Blake,Thompson
Aida,Craig
Lucia,Ellis
Kelvin,Perry
Myra,Richards
Lydia,Watson
Oliver,Spencer
Richard,Crawford
Justin,Henderson
Aiden,Alexander
Ted,Roberts
Stuart,Bennett
Lucia,Montgomery
Frederick,Higgins
Ada,Kelley
Lana,Perry
Kevin,Davis
Fenton,Wright
Henry,Hill
Julian,Rogers
Adrianna,Richardson
Nicholas,Turner
Reid,Martin
Ada,Hall
Eddy,Gibson
Lilianna,Parker
Michelle,Taylor
Brianna,Smith
Dexter,Douglas
Jenna,Richards
Eleanor,Harris
Adrian,Davis
Jasmine,Bennett
Owen,Walker
James,Nelson
Jenna,Ferguson
Ryan,Jones
Eric,Henderson
Ellia,Craig
Maria,Mason
Patrick,Davis
Haris,Andrews
Martin,Jones
David,Perry
Chloe,Martin
Kimberly,Martin
Derek,Hunt
Deanna,Barrett
Lily,Parker
Albert,Phillips
Sophia,Holmes
Alexander,Parker
Lyndon,Foster
Wilson,Adams
Miller,Evans
Tess,Reed
Brad,Payne
Elian,West
Jack,Bailey
Chelsea,Cunningham
Reid,Murray
Jack,Anderson
Derek,Morris
Sam,Allen
Ellia,Johnson
Alford,Scott
Kimberly,Hall
Alfred,Carter
Jessica,Johnson
Jessica,Douglas
Adison,Lloyd
Jared,Williams
Vivian,Clark
Lilianna,Douglas
James,Scott
Amelia,Barnes
Lucas,Watson
Tony,Richardson
Frederick,Parker
David,Ferguson
Sawyer,Perkins
Lyndon,Alexander
Brianna,Spencer
Brooke,Wilson
Miranda,Stevens
Audrey,Nelson
Tiana,Stevens
Miranda,Alexander
Cadie,Morris
Kimberly,Douglas
Isabella,Stevens
Jacob,Ellis
Spike,Brown
Arnold,Carroll
Robert,Mitchell
Arnold,Cunningham
Dexter,Ellis
Alfred,Harper
Lilianna,Howard
Tara,Martin
Harold,Crawford
Natalie,Gibson
Vanessa,Barnes
Elise,West
Jasmine,Evans
Valeria,Alexander
Melanie,Robinson
Blake,Holmes
Brad,Walker
Tiana,Kelley
Annabella,Kelly
Marcus,Baker
Violet,Howard
Freddie,Kelly
Derek,Walker
Isabella,Douglas
Jasmine,Foster
Brianna,Howard
Daniel,Casey
Arnold,Warren
Jack,Harrison
Kelsey,Dixon
George,Perry
Jared,Kelly
Naomi,Reed
Eleanor,Nelson
Bruce,Taylor
Maximilian,Lloyd
Miley,Clark
Sydney,Moore
Michelle,Howard
Agata,Russell
Sarah,Brooks
Chloe,Cunningham
Tess,Smith
Charlie,Tucker
Kirsten,Montgomery
Brianna,Stevens
Victoria,Clark
Sabrina,Henderson
Paige,Harper
Michael,Parker
Jasmine,Sullivan
Blake,Hunt
Rebecca,Andrews
Maya,Carroll
Edward,Crawford
Lily,Hamilton
Alberta,Richards
Julia,Carter
Anna,Hamilton
Cadie,Perry
Heather,Owens
Roman,Brown
Eleanor,Ryan
Brianna,Carroll
Henry,Hunt
Agata,Tucker
Nicholas,Douglas
April,Richards
Sienna,Ryan
Miley,Craig
Sienna,Robinson
Natalie,Spencer
Amanda,Moore
Mary,Phillips
Rebecca,Watson
Wilson,Turner
Carlos,Wells
Maddie,Walker
Maddie,Smith
Vanessa,Clark
Jack,Taylor
George,Harper
Sawyer,Robinson
Victor,Cameron
Penelope,Brown
Haris,Gray
Ryan,Campbell
Abraham,Anderson
Frederick,Warren
Belinda,Russell
Alberta,Barnes
Antony,Moore
Edgar,Dixon
Spike,Warren
Rebecca,Carter
Vivian,Bennett
Justin,Richardson
Tiana,Henderson
Charlotte,Cunningham
Madaline,Ellis
Amelia,Hall
